train_loss,validation_loss
0.829994540957814,0.2324831787692873
0.31612603706920506,0.13662071798707506
0.18965564483355923,0.09281507062137519
