train_loss,validation_loss
0.8228198884003898,0.26668189747847226
0.3197250763815549,0.14163116709402712
0.1844108271269019,0.10062793246164035
0.1345904803783079,0.0826227834883244
0.10572345254229701,0.07320296370093465
