,precision,recall,f1-score,support
0,1.0,1.0,1.0,14.0
1,0.96,0.96,0.96,50.0
2,1.0,1.0,1.0,55.0
3,1.0,1.0,1.0,48.0
4,1.0,0.8888888888888888,0.9411764705882353,9.0
5,1.0,1.0,1.0,44.0
6,1.0,1.0,1.0,35.0
7,0.96,0.9795918367346939,0.9696969696969697,49.0
accuracy,0.9868421052631579,0.9868421052631579,0.9868421052631579,0.9868421052631579
macro avg,0.99,0.9785600907029478,0.9838591800356506,304.0
weighted avg,0.9869736842105262,0.9868421052631579,0.9867951965475186,304.0
